{"devices":[{"id":7,"device_type":11,"device_name":"DIM-6CH-2A 1, 44","device_address":"1,44","gateway":"192.168.1.200","created_at":"2025-03-13 08:46:54","updated_at":"2025-03-13 08:46:54"},{"id":8,"device_type":86,"device_name":"IP-COM-PORT 1, 1","device_address":"1,1","gateway":"192.168.1.200","created_at":"2025-03-13 08:46:54","updated_at":"2025-03-13 08:46:54"},{"id":9,"device_type":30,"device_name":"LUNA-TFT-43 1, 8","device_address":"1,8","gateway":"192.168.1.200","created_at":"2025-03-13 08:46:54","updated_at":"2025-03-13 08:46:54"},{"id":10,"device_type":60,"device_name":"BUS-ES-IR 1, 7","device_address":"1,7","gateway":"192.168.1.200","created_at":"2025-03-13 08:46:54","updated_at":"2025-03-13 08:46:54"},{"id":11,"device_type":16,"device_name":"TIS-SEC-SM 1, 23","device_address":"1,23","gateway":"192.168.1.200","created_at":"2025-03-13 08:46:54","updated_at":"2025-03-13 08:46:54"},{"id":12,"device_type":28,"device_name":"RCU-8OUT-8IN 1, 48","device_address":"1,48","gateway":"192.168.1.200","created_at":"2025-03-13 08:46:54","updated_at":"2025-03-13 08:46:54"}],"appliances":[{"id":145,"appliance_name":"DIM-6CH-2A 1, 44_dimmer_1","appliance_type":2,"device_id":7,"appliance_class":null,"is_protected":0,"created_at":"2025-03-13 08:57:14","updated_at":"2025-03-13 08:57:14"},{"id":146,"appliance_name":"DIM-6CH-2A 1, 44_dimmer_2","appliance_type":2,"device_id":7,"appliance_class":null,"is_protected":0,"created_at":"2025-03-13 08:57:14","updated_at":"2025-03-13 08:57:14"},{"id":147,"appliance_name":"DIM-6CH-2A 1, 44_dimmer_3","appliance_type":2,"device_id":7,"appliance_class":null,"is_protected":0,"created_at":"2025-03-13 08:57:14","updated_at":"2025-03-13 08:57:14"},{"id":148,"appliance_name":"DIM-6CH-2A 1, 44_dimmer_4","appliance_type":2,"device_id":7,"appliance_class":null,"is_protected":0,"created_at":"2025-03-13 08:57:14","updated_at":"2025-03-13 08:57:14"},{"id":149,"appliance_name":"DIM-6CH-2A 1, 44_dimmer_5","appliance_type":2,"device_id":7,"appliance_class":null,"is_protected":0,"created_at":"2025-03-13 08:57:14","updated_at":"2025-03-13 08:57:14"},{"id":150,"appliance_name":"DIM-6CH-2A 1, 44_dimmer_6","appliance_type":2,"device_id":7,"appliance_class":null,"is_protected":0,"created_at":"2025-03-13 08:57:14","updated_at":"2025-03-13 08:57:14"},{"id":151,"appliance_name":"LUNA-TFT-43 1, 8_ac_1","appliance_type":5,"device_id":9,"appliance_class":null,"is_protected":0,"created_at":"2025-03-13 08:57:14","updated_at":"2025-03-13 08:57:14"},{"id":152,"appliance_name":"BUS-ES-IR 1, 7_binary_sensor_1","appliance_type":9,"device_id":10,"appliance_class":null,"is_protected":0,"created_at":"2025-03-13 08:57:14","updated_at":"2025-03-13 08:57:14"},{"id":153,"appliance_name":"BUS-ES-IR 1, 7_ac_1","appliance_type":5,"device_id":10,"appliance_class":null,"is_protected":0,"created_at":"2025-03-13 08:57:14","updated_at":"2025-03-13 08:57:14"},{"id":154,"appliance_name":"TIS-SEC-SM 1, 23_security_1","appliance_type":10,"device_id":11,"appliance_class":null,"is_protected":0,"created_at":"2025-03-13 08:57:14","updated_at":"2025-03-13 08:57:14"},{"id":155,"appliance_name":"RCU-8OUT-8IN 1, 48_switch_1","appliance_type":1,"device_id":12,"appliance_class":null,"is_protected":0,"created_at":"2025-03-13 08:57:14","updated_at":"2025-03-13 08:57:14"},{"id":156,"appliance_name":"RCU-8OUT-8IN 1, 48_switch_2","appliance_type":1,"device_id":12,"appliance_class":null,"is_protected":0,"created_at":"2025-03-13 08:57:14","updated_at":"2025-03-13 08:57:14"},{"id":157,"appliance_name":"RCU-8OUT-8IN 1, 48_switch_3","appliance_type":1,"device_id":12,"appliance_class":null,"is_protected":0,"created_at":"2025-03-13 08:57:14","updated_at":"2025-03-13 08:57:14"},{"id":158,"appliance_name":"RCU-8OUT-8IN 1, 48_switch_4","appliance_type":1,"device_id":12,"appliance_class":null,"is_protected":0,"created_at":"2025-03-13 08:57:14","updated_at":"2025-03-13 08:57:14"},{"id":159,"appliance_name":"RCU-8OUT-8IN 1, 48_switch_5","appliance_type":1,"device_id":12,"appliance_class":null,"is_protected":0,"created_at":"2025-03-13 08:57:14","updated_at":"2025-03-13 08:57:14"},{"id":160,"appliance_name":"RCU-8OUT-8IN 1, 48_switch_6","appliance_type":1,"device_id":12,"appliance_class":null,"is_protected":0,"created_at":"2025-03-13 08:57:14","updated_at":"2025-03-13 08:57:14"},{"id":161,"appliance_name":"RCU-8OUT-8IN 1, 48_switch_7","appliance_type":1,"device_id":12,"appliance_class":null,"is_protected":0,"created_at":"2025-03-13 08:57:14","updated_at":"2025-03-13 08:57:14"},{"id":162,"appliance_name":"RCU-8OUT-8IN 1, 48_switch_8","appliance_type":1,"device_id":12,"appliance_class":null,"is_protected":0,"created_at":"2025-03-13 08:57:14","updated_at":"2025-03-13 08:57:14"},{"id":163,"appliance_name":"RCU-8OUT-8IN 1, 48_binary_sensor_1","appliance_type":9,"device_id":12,"appliance_class":null,"is_protected":0,"created_at":"2025-03-13 08:57:14","updated_at":"2025-03-13 08:57:14"},{"id":164,"appliance_name":"RCU-8OUT-8IN 1, 48_binary_sensor_2","appliance_type":9,"device_id":12,"appliance_class":null,"is_protected":0,"created_at":"2025-03-13 08:57:14","updated_at":"2025-03-13 08:57:14"},{"id":165,"appliance_name":"RCU-8OUT-8IN 1, 48_binary_sensor_3","appliance_type":9,"device_id":12,"appliance_class":null,"is_protected":0,"created_at":"2025-03-13 08:57:14","updated_at":"2025-03-13 08:57:14"},{"id":166,"appliance_name":"RCU-8OUT-8IN 1, 48_binary_sensor_4","appliance_type":9,"device_id":12,"appliance_class":null,"is_protected":0,"created_at":"2025-03-13 08:57:14","updated_at":"2025-03-13 08:57:14"},{"id":167,"appliance_name":"RCU-8OUT-8IN 1, 48_binary_sensor_5","appliance_type":9,"device_id":12,"appliance_class":null,"is_protected":0,"created_at":"2025-03-13 08:57:14","updated_at":"2025-03-13 08:57:14"},{"id":168,"appliance_name":"RCU-8OUT-8IN 1, 48_binary_sensor_6","appliance_type":9,"device_id":12,"appliance_class":null,"is_protected":0,"created_at":"2025-03-13 08:57:14","updated_at":"2025-03-13 08:57:14"},{"id":169,"appliance_name":"RCU-8OUT-8IN 1, 48_binary_sensor_7","appliance_type":9,"device_id":12,"appliance_class":null,"is_protected":0,"created_at":"2025-03-13 08:57:14","updated_at":"2025-03-13 08:57:14"},{"id":170,"appliance_name":"RCU-8OUT-8IN 1, 48_binary_sensor_8","appliance_type":9,"device_id":12,"appliance_class":null,"is_protected":0,"created_at":"2025-03-13 08:57:14","updated_at":"2025-03-13 08:57:14"}],"appliance_channels":[{"id":145,"appliance_id":145,"channel_number":1,"channel_name":"Output Channel","created_at":null,"updated_at":"2025-03-13 08:57:14"},{"id":146,"appliance_id":146,"channel_number":2,"channel_name":"Output Channel","created_at":null,"updated_at":"2025-03-13 08:57:14"},{"id":147,"appliance_id":147,"channel_number":3,"channel_name":"Output Channel","created_at":null,"updated_at":"2025-03-13 08:57:14"},{"id":148,"appliance_id":148,"channel_number":4,"channel_name":"Output Channel","created_at":null,"updated_at":"2025-03-13 08:57:14"},{"id":149,"appliance_id":149,"channel_number":5,"channel_name":"Output Channel","created_at":null,"updated_at":"2025-03-13 08:57:14"},{"id":150,"appliance_id":150,"channel_number":6,"channel_name":"Output Channel","created_at":null,"updated_at":"2025-03-13 08:57:14"},{"id":151,"appliance_id":151,"channel_number":1,"channel_name":"AC","created_at":null,"updated_at":"2025-03-13 08:57:14"},{"id":152,"appliance_id":152,"channel_number":1,"channel_name":"Input Channel","created_at":null,"updated_at":"2025-03-13 08:57:14"},{"id":153,"appliance_id":153,"channel_number":1,"channel_name":"AC","created_at":null,"updated_at":"2025-03-13 08:57:14"},{"id":154,"appliance_id":154,"channel_number":1,"channel_name":"Input Channel","created_at":null,"updated_at":"2025-03-13 08:57:14"},{"id":155,"appliance_id":155,"channel_number":1,"channel_name":"Output Channel","created_at":null,"updated_at":"2025-03-13 08:57:14"},{"id":156,"appliance_id":156,"channel_number":2,"channel_name":"Output Channel","created_at":null,"updated_at":"2025-03-13 08:57:14"},{"id":157,"appliance_id":157,"channel_number":3,"channel_name":"Output Channel","created_at":null,"updated_at":"2025-03-13 08:57:14"},{"id":158,"appliance_id":158,"channel_number":4,"channel_name":"Output Channel","created_at":null,"updated_at":"2025-03-13 08:57:14"},{"id":159,"appliance_id":159,"channel_number":5,"channel_name":"Output Channel","created_at":null,"updated_at":"2025-03-13 08:57:14"},{"id":160,"appliance_id":160,"channel_number":6,"channel_name":"Output Channel","created_at":null,"updated_at":"2025-03-13 08:57:14"},{"id":161,"appliance_id":161,"channel_number":7,"channel_name":"Output Channel","created_at":null,"updated_at":"2025-03-13 08:57:14"},{"id":162,"appliance_id":162,"channel_number":8,"channel_name":"Output Channel","created_at":null,"updated_at":"2025-03-13 08:57:14"},{"id":163,"appliance_id":163,"channel_number":1,"channel_name":"Input Channel","created_at":null,"updated_at":"2025-03-13 08:57:14"},{"id":164,"appliance_id":164,"channel_number":2,"channel_name":"Input Channel","created_at":null,"updated_at":"2025-03-13 08:57:14"},{"id":165,"appliance_id":165,"channel_number":3,"channel_name":"Input Channel","created_at":null,"updated_at":"2025-03-13 08:57:14"},{"id":166,"appliance_id":166,"channel_number":4,"channel_name":"Input Channel","created_at":null,"updated_at":"2025-03-13 08:57:14"},{"id":167,"appliance_id":167,"channel_number":5,"channel_name":"Input Channel","created_at":null,"updated_at":"2025-03-13 08:57:14"},{"id":168,"appliance_id":168,"channel_number":6,"channel_name":"Input Channel","created_at":null,"updated_at":"2025-03-13 08:57:14"},{"id":169,"appliance_id":169,"channel_number":7,"channel_name":"Input Channel","created_at":null,"updated_at":"2025-03-13 08:57:14"},{"id":170,"appliance_id":170,"channel_number":8,"channel_name":"Input Channel","created_at":null,"updated_at":"2025-03-13 08:57:14"}]}