{"devices":[{"id":1,"device_type":11,"device_name":"DIM-6CH-2A 1, 44","device_address":"1,44","gateway":"192.168.1.200","created_at":"2025-01-28 14:36:45","updated_at":"2025-01-28 14:36:45"},{"id":2,"device_type":86,"device_name":"IP-COM-PORT 1, 1","device_address":"1,1","gateway":"192.168.1.200","created_at":"2025-01-28 14:36:45","updated_at":"2025-01-28 14:36:45"},{"id":3,"device_type":104,"device_name":"TIS-ZIG-PORT 1, 101","device_address":"1,101","gateway":"192.168.1.201","created_at":"2025-01-28 14:36:45","updated_at":"2025-01-28 14:36:45"},{"id":4,"device_type":60,"device_name":"BUS-ES-IR 1, 7","device_address":"1,7","gateway":"192.168.1.200","created_at":"2025-01-28 14:36:45","updated_at":"2025-01-28 14:36:45"},{"id":5,"device_type":30,"device_name":"LUNA-TFT-43 1, 8","device_address":"1,8","gateway":"192.168.1.200","created_at":"2025-01-28 14:36:45","updated_at":"2025-01-28 14:36:45"},{"id":6,"device_type":28,"device_name":"RCU-8OUT-8IN 1, 48","device_address":"1,48","gateway":"192.168.1.200","created_at":"2025-01-28 14:36:45","updated_at":"2025-01-28 14:36:45"}],"appliances":[{"id":1,"appliance_name":"DIM-6CH-2A 1, 44_dimmer_1","appliance_type":2,"device_id":1,"appliance_class":null,"is_protected":0,"created_at":"2025-01-28 14:36:57","updated_at":"2025-01-28 14:36:57"},{"id":2,"appliance_name":"DIM-6CH-2A 1, 44_dimmer_2","appliance_type":2,"device_id":1,"appliance_class":null,"is_protected":0,"created_at":"2025-01-28 14:36:57","updated_at":"2025-01-28 14:36:57"},{"id":3,"appliance_name":"DIM-6CH-2A 1, 44_dimmer_3","appliance_type":2,"device_id":1,"appliance_class":null,"is_protected":0,"created_at":"2025-01-28 14:36:57","updated_at":"2025-01-28 14:36:57"},{"id":4,"appliance_name":"DIM-6CH-2A 1, 44_dimmer_4","appliance_type":2,"device_id":1,"appliance_class":null,"is_protected":0,"created_at":"2025-01-28 14:36:57","updated_at":"2025-01-28 14:36:57"},{"id":5,"appliance_name":"DIM-6CH-2A 1, 44_dimmer_5","appliance_type":2,"device_id":1,"appliance_class":null,"is_protected":0,"created_at":"2025-01-28 14:36:57","updated_at":"2025-01-28 14:36:57"},{"id":6,"appliance_name":"DIM-6CH-2A 1, 44_dimmer_6","appliance_type":2,"device_id":1,"appliance_class":null,"is_protected":0,"created_at":"2025-01-28 14:36:57","updated_at":"2025-01-28 14:36:57"},{"id":7,"appliance_name":"BUS-ES-IR 1, 7_binary_sensor_1","appliance_type":9,"device_id":4,"appliance_class":null,"is_protected":0,"created_at":"2025-01-28 14:36:57","updated_at":"2025-01-28 14:36:57"},{"id":8,"appliance_name":"BUS-ES-IR 1, 7_ac_1","appliance_type":5,"device_id":4,"appliance_class":null,"is_protected":0,"created_at":"2025-01-28 14:36:57","updated_at":"2025-01-28 14:36:57"},{"id":9,"appliance_name":"LUNA-TFT-43 1, 8_ac_1","appliance_type":5,"device_id":5,"appliance_class":null,"is_protected":0,"created_at":"2025-01-28 14:36:57","updated_at":"2025-01-28 14:36:57"},{"id":10,"appliance_name":"RCU-8OUT-8IN 1, 48_switch_1","appliance_type":1,"device_id":6,"appliance_class":null,"is_protected":0,"created_at":"2025-01-28 14:36:57","updated_at":"2025-01-28 14:36:57"},{"id":11,"appliance_name":"RCU-8OUT-8IN 1, 48_switch_2","appliance_type":1,"device_id":6,"appliance_class":null,"is_protected":0,"created_at":"2025-01-28 14:36:57","updated_at":"2025-01-28 14:36:57"},{"id":12,"appliance_name":"RCU-8OUT-8IN 1, 48_switch_3","appliance_type":1,"device_id":6,"appliance_class":null,"is_protected":0,"created_at":"2025-01-28 14:36:57","updated_at":"2025-01-28 14:36:57"},{"id":13,"appliance_name":"RCU-8OUT-8IN 1, 48_switch_4","appliance_type":1,"device_id":6,"appliance_class":null,"is_protected":0,"created_at":"2025-01-28 14:36:57","updated_at":"2025-01-28 14:36:57"},{"id":14,"appliance_name":"RCU-8OUT-8IN 1, 48_switch_5","appliance_type":1,"device_id":6,"appliance_class":null,"is_protected":0,"created_at":"2025-01-28 14:36:57","updated_at":"2025-01-28 14:36:57"},{"id":15,"appliance_name":"RCU-8OUT-8IN 1, 48_switch_6","appliance_type":1,"device_id":6,"appliance_class":null,"is_protected":0,"created_at":"2025-01-28 14:36:57","updated_at":"2025-01-28 14:36:57"},{"id":16,"appliance_name":"RCU-8OUT-8IN 1, 48_switch_7","appliance_type":1,"device_id":6,"appliance_class":null,"is_protected":0,"created_at":"2025-01-28 14:36:58","updated_at":"2025-01-28 14:36:58"},{"id":17,"appliance_name":"RCU-8OUT-8IN 1, 48_switch_8","appliance_type":1,"device_id":6,"appliance_class":null,"is_protected":0,"created_at":"2025-01-28 14:36:58","updated_at":"2025-01-28 14:36:58"},{"id":18,"appliance_name":"RCU-8OUT-8IN 1, 48_binary_sensor_1","appliance_type":9,"device_id":6,"appliance_class":null,"is_protected":0,"created_at":"2025-01-28 14:36:58","updated_at":"2025-01-28 14:36:58"},{"id":19,"appliance_name":"RCU-8OUT-8IN 1, 48_binary_sensor_2","appliance_type":9,"device_id":6,"appliance_class":null,"is_protected":0,"created_at":"2025-01-28 14:36:58","updated_at":"2025-01-28 14:36:58"},{"id":20,"appliance_name":"RCU-8OUT-8IN 1, 48_binary_sensor_3","appliance_type":9,"device_id":6,"appliance_class":null,"is_protected":0,"created_at":"2025-01-28 14:36:58","updated_at":"2025-01-28 14:36:58"},{"id":21,"appliance_name":"RCU-8OUT-8IN 1, 48_binary_sensor_4","appliance_type":9,"device_id":6,"appliance_class":null,"is_protected":0,"created_at":"2025-01-28 14:36:58","updated_at":"2025-01-28 14:36:58"},{"id":22,"appliance_name":"RCU-8OUT-8IN 1, 48_binary_sensor_5","appliance_type":9,"device_id":6,"appliance_class":null,"is_protected":0,"created_at":"2025-01-28 14:36:58","updated_at":"2025-01-28 14:36:58"},{"id":23,"appliance_name":"RCU-8OUT-8IN 1, 48_binary_sensor_6","appliance_type":9,"device_id":6,"appliance_class":null,"is_protected":0,"created_at":"2025-01-28 14:36:58","updated_at":"2025-01-28 14:36:58"},{"id":24,"appliance_name":"RCU-8OUT-8IN 1, 48_binary_sensor_7","appliance_type":9,"device_id":6,"appliance_class":null,"is_protected":0,"created_at":"2025-01-28 14:36:58","updated_at":"2025-01-28 14:36:58"},{"id":25,"appliance_name":"RCU-8OUT-8IN 1, 48_binary_sensor_8","appliance_type":9,"device_id":6,"appliance_class":null,"is_protected":0,"created_at":"2025-01-28 14:36:58","updated_at":"2025-01-28 14:36:58"}],"appliance_channels":[{"id":1,"appliance_id":1,"channel_number":1,"channel_name":"Output Channel","created_at":null,"updated_at":"2025-01-28 14:36:57"},{"id":2,"appliance_id":2,"channel_number":2,"channel_name":"Output Channel","created_at":null,"updated_at":"2025-01-28 14:36:57"},{"id":3,"appliance_id":3,"channel_number":3,"channel_name":"Output Channel","created_at":null,"updated_at":"2025-01-28 14:36:57"},{"id":4,"appliance_id":4,"channel_number":4,"channel_name":"Output Channel","created_at":null,"updated_at":"2025-01-28 14:36:57"},{"id":5,"appliance_id":5,"channel_number":5,"channel_name":"Output Channel","created_at":null,"updated_at":"2025-01-28 14:36:57"},{"id":6,"appliance_id":6,"channel_number":6,"channel_name":"Output Channel","created_at":null,"updated_at":"2025-01-28 14:36:57"},{"id":7,"appliance_id":7,"channel_number":1,"channel_name":"Input Channel","created_at":null,"updated_at":"2025-01-28 14:36:57"},{"id":8,"appliance_id":8,"channel_number":1,"channel_name":"AC","created_at":null,"updated_at":"2025-01-28 14:36:57"},{"id":9,"appliance_id":9,"channel_number":1,"channel_name":"AC","created_at":null,"updated_at":"2025-01-28 14:36:57"},{"id":10,"appliance_id":10,"channel_number":1,"channel_name":"Output Channel","created_at":null,"updated_at":"2025-01-28 14:36:57"},{"id":11,"appliance_id":11,"channel_number":2,"channel_name":"Output Channel","created_at":null,"updated_at":"2025-01-28 14:36:57"},{"id":12,"appliance_id":12,"channel_number":3,"channel_name":"Output Channel","created_at":null,"updated_at":"2025-01-28 14:36:57"},{"id":13,"appliance_id":13,"channel_number":4,"channel_name":"Output Channel","created_at":null,"updated_at":"2025-01-28 14:36:57"},{"id":14,"appliance_id":14,"channel_number":5,"channel_name":"Output Channel","created_at":null,"updated_at":"2025-01-28 14:36:57"},{"id":15,"appliance_id":15,"channel_number":6,"channel_name":"Output Channel","created_at":null,"updated_at":"2025-01-28 14:36:58"},{"id":16,"appliance_id":16,"channel_number":7,"channel_name":"Output Channel","created_at":null,"updated_at":"2025-01-28 14:36:58"},{"id":17,"appliance_id":17,"channel_number":8,"channel_name":"Output Channel","created_at":null,"updated_at":"2025-01-28 14:36:58"},{"id":18,"appliance_id":18,"channel_number":1,"channel_name":"Input Channel","created_at":null,"updated_at":"2025-01-28 14:36:58"},{"id":19,"appliance_id":19,"channel_number":2,"channel_name":"Input Channel","created_at":null,"updated_at":"2025-01-28 14:36:58"},{"id":20,"appliance_id":20,"channel_number":3,"channel_name":"Input Channel","created_at":null,"updated_at":"2025-01-28 14:36:58"},{"id":21,"appliance_id":21,"channel_number":4,"channel_name":"Input Channel","created_at":null,"updated_at":"2025-01-28 14:36:58"},{"id":22,"appliance_id":22,"channel_number":5,"channel_name":"Input Channel","created_at":null,"updated_at":"2025-01-28 14:36:58"},{"id":23,"appliance_id":23,"channel_number":6,"channel_name":"Input Channel","created_at":null,"updated_at":"2025-01-28 14:36:58"},{"id":24,"appliance_id":24,"channel_number":7,"channel_name":"Input Channel","created_at":null,"updated_at":"2025-01-28 14:36:58"},{"id":25,"appliance_id":25,"channel_number":8,"channel_name":"Input Channel","created_at":null,"updated_at":"2025-01-28 14:36:58"}]}